<addon id="repository.plexkodiconnect" name="PlexKodiConnect Addons for Kodi 21 Omega" version="3.0.0" provider-name="Croneter">
	<requires>
		<import addon="xbmc.addon" version="12.0.0"/>
        <import addon="xbmc.python" version="3.0.0"/>
	</requires>
	<extension point="xbmc.addon.repository" name="PlexKodiConnect Repository Kodi 21 Omega">
		<dir>
			<info compressed="false">https://raw.githubusercontent.com/croneter/binary_repo/master/stable_py3/addons.xml</info>
			<checksum>https://raw.githubusercontent.com/croneter/binary_repo/master/stable_py3/addons.xml.md5</checksum>
			<datadir zip="true">https://raw.githubusercontent.com/croneter/binary_repo/master/stable_py3/</datadir>
		</dir>
	</extension>
	<extension point="xbmc.addon.metadata">
		<summary>PlexKodiConnect add-on repository for Kodi 21 and later only.</summary>
		<description>Repository for stable PlexKodiConnect versions.</description>
		<disclaimer></disclaimer>
		<platform>all</platform>
	</extension>
</addon>
